model,stage,mae,mse,r2
Tuned audience-signal model,audience_signal,0.2390600233750441,0.14807764315646782,0.8347815071439177
Post-release signals,post_release,0.5123557440697922,0.4627129553782813,0.4837253248837644
Engineered pre-release,pre_release,0.6296539644584679,0.6292016360113961,0.2979646097247902
Budget + runtime,basic,0.677490019124604,0.7078604361641937,0.2102005952923025
Mean baseline,basic,0.7596964543393115,0.8972399356696914,-0.0011006843551299994
